Component,Part Number,Description,Quantity
"780-BBVB : RAID 1+RAID 5, H330/H730/H730P  for SAS/SATA","27TVJ","INFO,C16A,ASSR1/R5,T330","1"
"770-BBCR : No Rack Rails, No Cable Manage ment Arm, No Casters","7H154","INFO,RACK,RK-MNT,NO RAILS","1"
"631-AACK : No Systems Documentation, No O penManage DVD Kit","7213U","INFO,EDOCS-OPTION-ONLY","1"
"619-ABVR : No Operating System","1U112","SRV,SW,DELL,NULL-OS","1"
"542-BBCQ : On-Board LOM 1GBE Dual Port (B CM5720 GbE LOM)","7WY31","INFO,LOM,DP","1"
"540-BBCX : Broadcom 5720 Dual Port 1GbE B ASE-T Adapter, PCIe Full Heigh t","0FCGN","Card,Network,Dell Plus,Broadcom Corporation,1P","1"
"","K15V8","SRV,SW,NTWK,BCOM,V20.2,Q2FY17","1"
"","MC25D","DSK PROG,NTWK,BCOM,Q2FY17,MISC","1"
"","DMRTP","DSK PROG,NTWK,BCOM,Q2FY17,FW","1"
"450-ADWQ : Dual, Hot-plug, Redundant Powe r Supply (1+1), 495W","N6523","INFO,RDNT,PSU","1"
"","GRTNK","PWR SPLY,495W,RDNT,13G,DELTA,2","2"
"","2W02P","ASSY,LBL,REG,FCC1,495W,V3","1"
"450-AALV : Power Cord - NEMA 5-15P to C13 , 3M, 125V, 15A (North America , Guam, North Marianas, Philip pines, Samoa, Vietnam)","0R215","CORD,PWR,15A125V,10FT,5-15/C13","2"
"429-AAHW : DVD+/-RW, SATA, Internal","83535","INFO,PART,ATAPI,DEVICE","1"
"","2481R","Information Digital Video/    Versatile Diskette,Dimension  VAL","1"
"","PHF8J","Assembly,Dvd+/-Rw,16X,Serial Ata,Half Height,Plds","1"
"","01295","INFO,FIRST CD ROM","1"
"421-5736 : No Media Required","734TT","INFO,SW,NO,MEDIA","1"
"412-AAHC : Standard Heatsink","5D65X","ASSY,HTSNK,84X105X109.7MM,T330","1"
"406-BBKB : Power Interface Board, T330","CWPDD","Assembly,Card,Interface,PIB,PET330","1"
"405-AAGJ : PERC H730 Controller, 1GB NV C ache","7P6PF","SRV,DRVR,H730,ADPT,SAS-RAID","1"
"","R955P","LBL,BTRY,LBH,NBK,IATA,WW","1"
"","44GNF","Assembly,Card,Controller,H730,1GB,Adapter","1"
"","8KYYM","Bracket,PERC9,Full Height,H730/H330,Kit","1"
"403-BBJP : iDRAC Port Card","C11DD","ASSY,PWA,RSR,SV,AMEA,T130/T330","1"
"400-AIUS : 2TB 7.2K RPM SATA 6Gbps 3.5in Hot-plug Hard Drive","G937K","Screw,6-32X.225,Phillips Head Flat Head,Black","16"
"","58CWC","Assembly,Carrier,Hard Drive, PLSTC, SATA, 3.5","4"
"","4256W","Hard Drive,2T,SATA6,7.2K,3.5,T-TC,E/C","4"
"","FM833","LBL,POD,HD,RECTANGULAR","4"
"","3556E","INFO,BACKPLANE HD","1"
"400-AEEZ : 1TB 7.2K RPM SATA 6Gbps 3.5in Hot-plug Hard Drive,13G","FM833","LBL,POD,HD,RECTANGULAR","2"
"","58CWC","Assembly,Carrier,Hard Drive, PLSTC, SATA, 3.5","2"
"","3556E","INFO,BACKPLANE HD","1"
"","3C46W","Hard Drive,1TB,SATA6,7.2K,3.5,T-H2,E/C","2"
"","G937K","Screw,6-32X.225,Phillips Head Flat Head,Black","8"
"385-BBHO : iDRAC8 Enterprise, integrated Dell Remote Access Controller,  Enterprise","N3WPH","INFO,GMNI,LICENSING,TRIGGER","1"
"","81J34","SRV,LICENSE ENTITLEMENT","1"
"","TN44N","INFO,ROYALTY,ENT,13G,INTEL","1"
"","515PW","INFO,ROYALTY,ENT,13G,AVOCENT","1"
"","1344H","DPK,HWFI,KT,IDRAC8,13G,ENT","1"
"","9RRM6","INFO,OOBE,IDRAC8,DF,13G","1"
"","96PCR","DPK,HWFI,KG,IDRAC8,13G","1"
"384-BBBL : Performance BIOS Settings","N756K","INFO,ENABLE PERFORMANCE MODE","1"
"370-ACIN : 2133MT/s UDIMMs","3Y4V9","INFO,ORD-ENTRY,2133MHZ,UDIMMS","1"
"370-ACFT : 16GB UDIMM, 2133MT/s, ECC","7XRW4","Dual In-Line Memory Module,16GB,2133,2RX8,8G,DDR4,U","4"
"370-AAIP : Performance Optimized","74FPM","INFO,MEM,OPTIMIZED","1"
"350-BBBW : No Bezel","5J564","INFO,NO BEZEL OPTION","1"
"340-AQIY : PowerEdge T330 Shipping","MW70H","ASSY,LBL,REG,ESG,PKG,DAO,BR","1"
"","08123","INFO, NO DELL DIRECT CATALOG","1"
"","01323","INFO,NO ITEM","1"
"","23501","LBL,BRCD,SYS BOX,GNRC","1"
"","2260R","PREP MTL, DEV, SRV, INCRS #1","1"
"","7260R","PREP MTL, DEV, SRV, INCRS #2","1"
"","5R203","INFO,FLYER,DOC","1"
"","344GY","TSH,INFO,USB3.0,OS,DRV,WW","1"
"","T7VTR","SHP MTL,OPT,TRAY","1"
"","WWK16","KIT,SHP MTL,5U,SERVER","1"
"","6GC4D","GDE,OPENMANAGE,DIB,PLACEMAT","1"
"","P071K","GDE,PROD,INFO,WSI,PE/PV","1"
"","J894K","GDE,PROD,INFO,SERI,DAO/BCC","1"
"","V42W6","ASSY,LBL,REG,FCC2,T330,MEX","1"
"","HRH06","GDE, GETS, T330 BCC, DAO","1"
"338-BHTZ : Intel Xeon E3-1270 v5 3.6GHz, 8M cache, 4C/8T, turbo (80W)","XN0T2","LBL,INTEL,XMN,6,MINI","1"
"","W0478","Processor,E31270V5,3.6,8MB,SKL,R0","1"
"329-BCXF : PowerEdge T330/T130 Motherboar d v2","94682","Screw,M3X,5X5MM,Hex,Phillips  Head,TF,Zinc Plated Steel","8"
"","FGCC7","Assembly,Printed Wiring Assy,Planar,PERT,T130/T330,V2","1"
"321-BBVL : Chassis with up to 8, 3.5"" Hot  Plug Hard Drives","4F7V1","Assembly,Carrier,Mounting,Blank,Hard Drive,3.5,V5","4"
"","P9VFY","Assembly,Cable,Serial Attached Scsi,Poweredge Expandable Raid Controller Number,Bus Powered,8HD,T330","1"
"","864KE","Information,PLACEHOLDER       PIECE-PART","1"
"","TK5R9","ASSY,CHAS,8X3.5 HPLGHD,T330","1"
"210-AFFQ : PowerEdge T330 Server","PWT0J","SRV,SW,ESG,PWREDG,CS,13G","1"
"","Y634J","INFO,MZR,SV","1"
"","K4NYH","SRV,OSC,13G,DRVS,SV","1"
"","K15V8","SRV,SW,NTWK,BCOM,V20.2,Q2FY17","1"
"","WH190","SRV,DRVR,DELL BKPLN","1"
"","66GJD","SRV,MZR,DIAGS,SV,13G","1"
"","23503","LBL,BRCD,TRACK,SYS,GNRC","1"
"","72RXT","INFO,LBL,QRL","1"
"","2751P","INFO,SW,UPTN,UPG,SV","1"
"","PXW8M","SRV,MZR,DRVS,SV,13G,SDP1","1"
"","Y6XF5","SRV,DRVR,SAS,PERC S130,T330","1"
"","JD509","LBL,REG,SIDE,UNIV,BLNK,V2","1"
"","8WJ34","INFO,RYLTY,EXP,13G,AVOCENT","1"
"","X40DX","DIAG,DIAGS,WBDD,FCTRY","1"
"","M26PK","SRV,SW,ESG,PWREDG,VID,13G","1"
"","3PF0C","INFO,RYLTY,S1X0,OPROM,12G/13G","1"
"","DF3MX","INFO,64-BIT,UEFI-MFG,PROCESS","1"
"","C108D","INFO,LBL,BLACK EST","1"
"","T845M","INSTR,TRIG,SVC TAG","1"
"","DFGFF","INFO,RYLTY,SOFTWARE,T330","1"
